-- ============================================
-- Seed Data - Demo Organization
-- Run AFTER schema.sql in Supabase SQL Editor
-- ============================================

-- 1. Organization
INSERT INTO organizations (id, name) VALUES
  ('a0000000-0000-0000-0000-000000000001', '株式会社Plate One');

-- 2. Stores
INSERT INTO stores (id, organization_id, slug, name, short_name, address, seat_count) VALUES
  ('b0000000-0000-0000-0000-000000000001', 'a0000000-0000-0000-0000-000000000001', 'tokyo', 'Plate One 東京駅前店', '東京駅前店', '東京都千代田区丸の内1-9-1', 60),
  ('b0000000-0000-0000-0000-000000000002', 'a0000000-0000-0000-0000-000000000001', 'shibuya', 'Plate One 渋谷店', '渋谷店', '東京都渋谷区道玄坂2-1-1', 50),
  ('b0000000-0000-0000-0000-000000000003', 'a0000000-0000-0000-0000-000000000001', 'shinjuku', 'Plate One 新宿店', '新宿店', '東京都新宿区新宿3-14-1', 45),
  ('b0000000-0000-0000-0000-000000000004', 'a0000000-0000-0000-0000-000000000001', 'ikebukuro', 'Plate One 池袋店', '池袋店', '東京都豊島区南池袋1-28-1', 55),
  ('b0000000-0000-0000-0000-000000000005', 'a0000000-0000-0000-0000-000000000001', 'yokohama', 'Plate One 横浜店', '横浜店', '神奈川県横浜市西区南幸1-3-1', 50);

-- 3. Staff (auth_user_id is NULL until linked with Supabase Auth)
INSERT INTO staff (id, organization_id, store_id, name, name_kana, position, role, detail_role, employment_type, schedule_type, phone, email, join_date, hourly_rate, address, birthday, notes, status, emergency_contact, availability) VALUES
  ('c0000000-0000-0000-0000-000000000001', 'a0000000-0000-0000-0000-000000000001', 'b0000000-0000-0000-0000-000000000001',
   '佐藤 一郎', 'さとう いちろう', '両方', '店長', '店長', '正社員', '通し',
   '090-1234-5678', 'i.sato@example.com', '2020-01-15', NULL,
   '神奈川県横浜市神奈川区金港町1-1', '1985-05-15',
   '社内MVPを2回受賞。研修講師も担当。', '在籍',
   '{"name": "佐藤 花子", "relation": "配偶者", "phone": "090-8765-4321"}',
   '{"mon": [true,true,true], "tue": [true,true,true], "wed": [true,true,true], "thu": [true,true,false], "fri": [true,true,false], "sat": [false,false,true], "sun": [false,false,false]}'),

  ('c0000000-0000-0000-0000-000000000002', 'a0000000-0000-0000-0000-000000000001', 'b0000000-0000-0000-0000-000000000001',
   '田中 花子', 'たなか はなこ', 'ホール', 'スタッフ', 'ホールスタッフ', 'パート', '早番',
   '090-2345-6789', 'h.tanaka@example.com', '2021-04-10', 1200,
   '神奈川県横浜市西区みなとみらい2-2', '1992-10-08',
   'フレンドリーな接客で常連客から人気。英語対応可能。', '在籍',
   NULL,
   '{"mon": [true,false,false], "tue": [true,false,false], "wed": [true,false,false], "thu": [true,false,false], "fri": [false,true,false], "sat": [false,true,true], "sun": [false,true,true]}'),

  ('c0000000-0000-0000-0000-000000000003', 'a0000000-0000-0000-0000-000000000001', 'b0000000-0000-0000-0000-000000000001',
   '鈴木 健太', 'すずき けんた', 'キッチン', 'スタッフ', 'キッチンスタッフ', 'アルバイト', 'シフト制',
   '090-3456-7890', 'k.suzuki@example.com', '2022-08-01', 1100,
   '神奈川県横浜市中区元町3-3', '2001-12-20',
   '大学4年生。卒業後は正社員登用を検討中。料理に対する学習意欲が高い。', '在籍',
   NULL,
   '{"mon": [false,true,true], "tue": [false,false,true], "wed": [false,true,true], "thu": [false,false,true], "fri": [false,true,true], "sat": [true,true,true], "sun": [true,true,false]}'),

  ('c0000000-0000-0000-0000-000000000004', 'a0000000-0000-0000-0000-000000000001', 'b0000000-0000-0000-0000-000000000001',
   '山田 太郎', 'やまだ たろう', 'ホール', 'マネージャー', 'ホールマネージャー', '正社員', '通し',
   '090-4567-8901', 't.yamada@example.com', '2019-06-01', NULL,
   '神奈川県横浜市港北区日吉4-4', '1988-03-22',
   'ソムリエ資格の取得を目指して勉強中。ワインペアリング提案が好評。', '在籍',
   '{"name": "山田 美智子", "relation": "母", "phone": "090-1111-2222"}',
   '{"mon": [true,true,true], "tue": [true,true,true], "wed": [false,false,false], "thu": [true,true,true], "fri": [true,true,true], "sat": [true,true,true], "sun": [true,true,false]}'),

  ('c0000000-0000-0000-0000-000000000005', 'a0000000-0000-0000-0000-000000000001', 'b0000000-0000-0000-0000-000000000001',
   '伊藤 美咲', 'いとう みさき', 'ホール', 'スタッフ', 'ホールスタッフ', 'アルバイト', 'シフト制',
   '090-5678-9012', 'm.ito@example.com', '2023-03-15', 1100,
   '神奈川県横浜市青葉区青葉台5-5', '2003-07-14',
   '大学生。明るい性格で職場の雰囲気作りに貢献。接客スキル向上中。', '在籍',
   NULL,
   '{"mon": [false,true,false], "tue": [false,false,true], "wed": [false,true,false], "thu": [false,false,false], "fri": [false,true,true], "sat": [true,true,true], "sun": [true,true,false]}'),

  ('c0000000-0000-0000-0000-000000000006', 'a0000000-0000-0000-0000-000000000001', 'b0000000-0000-0000-0000-000000000001',
   '渡辺 直樹', 'わたなべ なおき', 'キッチン', 'チーフ', 'キッチンチーフ', '正社員', '通し',
   '090-6789-0123', 'n.watanabe@example.com', '2018-09-01', NULL,
   '神奈川県横浜市鶴見区鶴見中央6-6', '1982-11-03',
   'キッチンのリーダーとして新人教育にも積極的。ドイツ料理の研究が趣味。', '在籍',
   '{"name": "渡辺 由美", "relation": "配偶者", "phone": "090-3333-4444"}',
   '{"mon": [true,true,true], "tue": [true,true,true], "wed": [true,true,true], "thu": [true,true,true], "fri": [true,true,true], "sat": [true,true,false], "sun": [false,false,false]}'),

  ('c0000000-0000-0000-0000-000000000007', 'a0000000-0000-0000-0000-000000000001', 'b0000000-0000-0000-0000-000000000002',
   '高橋 美咲', 'たかはし みさき', 'キッチン', 'スタッフ', 'キッチンスタッフ', 'パート', '早番',
   '090-7890-1234', 'm.takahashi@example.com', '2022-01-10', 1150,
   '神奈川県横浜市中区桜木町7-7', '1990-04-25',
   '渋谷店のキッチン主力メンバー。盛り付けセンスが高く評価されている。', '在籍',
   NULL,
   '{"mon": [true,true,false], "tue": [true,true,false], "wed": [false,false,false], "thu": [true,true,false], "fri": [true,true,false], "sat": [true,true,true], "sun": [false,false,false]}'),

  ('c0000000-0000-0000-0000-000000000008', 'a0000000-0000-0000-0000-000000000001', 'b0000000-0000-0000-0000-000000000002',
   '中村 翔太', 'なかむら しょうた', '両方', 'スタッフ', 'フロア兼キッチンスタッフ', 'アルバイト', 'シフト制',
   '090-8901-2345', 's.nakamura@example.com', '2023-06-01', 1100,
   '神奈川県横浜市戸塚区戸塚町8-8', '2002-09-10',
   '大学3年生。ホールとキッチン両方をこなせるマルチプレイヤー。将来は飲食業界での起業を目指している。', '在籍',
   NULL,
   '{"mon": [false,false,true], "tue": [false,true,true], "wed": [false,false,true], "thu": [false,true,true], "fri": [false,false,true], "sat": [true,true,true], "sun": [true,true,true]}');

-- 4. Staff Skills
INSERT INTO staff_skills (staff_id, name, level, experience) VALUES
  -- 佐藤 一郎
  ('c0000000-0000-0000-0000-000000000001', '調理', 90, '10年以上の調理経験。フレンチ、イタリアン、和食の専門技術あり。'),
  ('c0000000-0000-0000-0000-000000000001', '接客', 85, '高級レストランでの接客経験。VIP対応の実績あり。'),
  ('c0000000-0000-0000-0000-000000000001', 'マネジメント', 95, '5年間の店舗管理経験。前職では20名のスタッフをマネジメント。'),
  -- 田中 花子
  ('c0000000-0000-0000-0000-000000000002', '接客', 80, '4年間の接客経験。お客様からの評価が高い。'),
  ('c0000000-0000-0000-0000-000000000002', 'レジ', 95, 'POSシステムの操作に熟練。レジ締め作業も担当。'),
  ('c0000000-0000-0000-0000-000000000002', 'ドリンク作成', 75, '基本的なカクテル、コーヒーの作成が可能。'),
  -- 鈴木 健太
  ('c0000000-0000-0000-0000-000000000003', '調理補助', 65, '大学在学中から2年間調理補助を経験。基本的な調理技術を習得。'),
  ('c0000000-0000-0000-0000-000000000003', '食器洗浄', 85, '効率的な食器洗浄のフロー構築が得意。'),
  ('c0000000-0000-0000-0000-000000000003', '仕込み', 60, '野菜カットや下ごしらえを担当。スピードを重視。'),
  -- 山田 太郎
  ('c0000000-0000-0000-0000-000000000004', '接客', 92, '7年間のレストラン接客経験。ソムリエ見習い。'),
  ('c0000000-0000-0000-0000-000000000004', 'マネジメント', 80, '3年間のフロア管理経験。シフト調整と人材育成を担当。'),
  ('c0000000-0000-0000-0000-000000000004', 'クレーム対応', 88, 'クレーム対応マニュアルの作成経験あり。冷静な対応に定評。'),
  ('c0000000-0000-0000-0000-000000000004', '予約管理', 85, '予約システム導入プロジェクトのリーダー。'),
  -- 伊藤 美咲
  ('c0000000-0000-0000-0000-000000000005', '接客', 70, '1年間の接客経験。笑顔での対応が得意。'),
  ('c0000000-0000-0000-0000-000000000005', 'レジ', 60, '基本的なPOS操作が可能。会計処理を担当。'),
  -- 渡辺 直樹
  ('c0000000-0000-0000-0000-000000000006', '調理', 95, '12年間の調理経験。ビアホール料理のスペシャリスト。'),
  ('c0000000-0000-0000-0000-000000000006', 'メニュー開発', 88, '季節限定メニューの企画・開発を担当。年4回の新メニュー提案。'),
  ('c0000000-0000-0000-0000-000000000006', '在庫管理', 82, '食材ロス率を前年比15%削減した実績あり。'),
  ('c0000000-0000-0000-0000-000000000006', '衛生管理', 90, 'HACCP導入プロジェクトのキッチン担当。'),
  -- 高橋 美咲
  ('c0000000-0000-0000-0000-000000000007', '調理', 72, '3年間の飲食店調理経験。揚げ物・焼き物が得意。'),
  ('c0000000-0000-0000-0000-000000000007', '盛り付け', 80, '美しい盛り付けに定評あり。SNS映えする料理の提供が可能。'),
  -- 中村 翔太
  ('c0000000-0000-0000-0000-000000000008', '接客', 65, '1年間のホール経験。素早い配膳が評価されている。'),
  ('c0000000-0000-0000-0000-000000000008', '調理補助', 55, 'キッチンヘルプとして仕込み作業を担当。'),
  ('c0000000-0000-0000-0000-000000000008', '清掃', 75, '閉店後の清掃業務を効率的にこなす。');

-- 5. Staff Certifications
INSERT INTO staff_certifications (staff_id, name, obtained_date, expires_date) VALUES
  ('c0000000-0000-0000-0000-000000000001', '調理師免許', '2015-03-20', NULL),
  ('c0000000-0000-0000-0000-000000000001', '食品衛生責任者', '2018-05-10', NULL),
  ('c0000000-0000-0000-0000-000000000001', '防火管理者', '2020-10-15', '2025-10-14'),
  ('c0000000-0000-0000-0000-000000000004', 'サービス接遇検定1級', '2021-11-15', NULL),
  ('c0000000-0000-0000-0000-000000000004', '食品衛生責任者', '2019-08-20', NULL),
  ('c0000000-0000-0000-0000-000000000006', '調理師免許', '2010-03-15', NULL),
  ('c0000000-0000-0000-0000-000000000006', '食品衛生管理者', '2019-06-20', NULL);
